{"cameraMode":{"drawMode":0,"name":"Shaded","section":"Shading Mode"},"sceneLighting":false,"audioPlay":false,"sceneViewState":{"showFog":false,"showMaterialUpdate":false,"showSkybox":false,"showFlares":false,"showImageEffects":false,"showParticleSystems":false},"in2DMode":false,"pivot":{"x":0.941624641418457,"y":1.5794380903244019,"z":-2.1914315223693849},"rotation":{"x":-0.18388870358467103,"y":0.27473703026771548,"z":-0.053706564009189609,"w":-0.9424005746841431},"size":0.5906326174736023,"orthographic":true}