{"cameraMode":{"drawMode":0,"name":"Shaded","section":"Shading Mode"},"sceneLighting":true,"audioPlay":false,"sceneViewState":{"showFog":true,"showMaterialUpdate":false,"showSkybox":false,"showFlares":true,"showImageEffects":true,"showParticleSystems":true},"in2DMode":false,"pivot":{"x":-0.0012493431568145753,"y":0.2917495667934418,"z":0.004210412502288818},"rotation":{"x":0.2174941599369049,"y":0.6810842752456665,"z":-0.2236185520887375,"w":0.6624318361282349},"size":0.7718212008476257,"orthographic":false}