{"cameraMode":{"drawMode":0,"name":"Shaded","section":"Shading Mode"},"sceneLighting":false,"audioPlay":false,"sceneViewState":{"showFog":false,"showMaterialUpdate":false,"showSkybox":false,"showFlares":false,"showImageEffects":false,"showParticleSystems":false},"in2DMode":false,"pivot":{"x":-23.207950592041017,"y":0.28396889567375185,"z":-9.548500061035157},"rotation":{"x":-0.09968028217554093,"y":0.6445835828781128,"z":-0.08546238392591477,"w":-0.7533680200576782},"size":0.6101607084274292,"orthographic":true}