{"cameraMode":{"drawMode":0,"name":"Shaded","section":"Shading Mode"},"sceneLighting":false,"audioPlay":false,"sceneViewState":{"showFog":false,"showMaterialUpdate":false,"showSkybox":false,"showFlares":false,"showImageEffects":false,"showParticleSystems":false},"in2DMode":false,"pivot":{"x":0.02380560338497162,"y":0.008419092744588852,"z":0.19512298703193665},"rotation":{"x":0.01877669431269169,"y":-0.8350304961204529,"z":0.028537476435303689,"w":0.549414336681366},"size":0.12356255203485489,"orthographic":true}