{"cameraMode":{"drawMode":0,"name":"Shaded","section":"Shading Mode"},"sceneLighting":false,"audioPlay":false,"sceneViewState":{"showFog":false,"showMaterialUpdate":false,"showSkybox":false,"showFlares":false,"showImageEffects":false,"showParticleSystems":false},"in2DMode":false,"pivot":{"x":-6.3552398681640629,"y":0.23232823610305787,"z":-9.51141357421875},"rotation":{"x":-0.015566771849989891,"y":0.8346071243286133,"z":-0.02398155815899372,"w":-0.5503661632537842},"size":0.8739203810691834,"orthographic":true}