{"cameraMode":{"drawMode":0,"name":"Shaded","section":"Shading Mode"},"sceneLighting":false,"audioPlay":false,"sceneViewState":{"showFog":false,"showMaterialUpdate":false,"showSkybox":false,"showFlares":false,"showImageEffects":false,"showParticleSystems":false},"in2DMode":false,"pivot":{"x":-0.010198459960520268,"y":-0.02518540807068348,"z":0.12301315367221832},"rotation":{"x":-0.028451871126890184,"y":0.917786717414856,"z":-0.06780827045440674,"w":-0.3905864357948303},"size":0.022535445168614389,"orthographic":true}