{"cameraMode":{"drawMode":0,"name":"Shaded","section":"Shading Mode"},"sceneLighting":false,"audioPlay":false,"sceneViewState":{"showFog":true,"showMaterialUpdate":false,"showSkybox":false,"showFlares":true,"showImageEffects":true,"showParticleSystems":true},"in2DMode":false,"pivot":{"x":1.862645149230957e-9,"y":0.047893207520246509,"z":-0.00010017305612564087},"rotation":{"x":-0.00551945436745882,"y":0.9944807291030884,"z":-0.07396436482667923,"w":-0.07421077787876129},"size":0.0798717737197876,"orthographic":false}