{"cameraMode":{"drawMode":0,"name":"Shaded","section":"Shading Mode"},"sceneLighting":false,"audioPlay":false,"sceneViewState":{"showFog":false,"showMaterialUpdate":false,"showSkybox":false,"showFlares":false,"showImageEffects":false,"showParticleSystems":false},"in2DMode":false,"pivot":{"x":0.026126664131879808,"y":-0.032732877880334857,"z":0.19547757506370545},"rotation":{"x":-0.1555098444223404,"y":-0.42570623755455019,"z":0.07440681755542755,"w":-0.8884557485580444},"size":0.03177083656191826,"orthographic":true}