{"cameraMode":{"drawMode":0,"name":"Shaded","section":"Shading Mode"},"sceneLighting":false,"audioPlay":false,"sceneViewState":{"showFog":false,"showMaterialUpdate":false,"showSkybox":false,"showFlares":false,"showImageEffects":false,"showParticleSystems":false},"in2DMode":false,"pivot":{"x":-0.2723993957042694,"y":0.9466334581375122,"z":-0.7710269689559937},"rotation":{"x":0.2128155529499054,"y":0.03864307701587677,"z":-0.00826756190508604,"w":0.9764289259910584},"size":0.9644903540611267,"orthographic":true}