{"cameraMode":{"drawMode":0,"name":"Shaded","section":"Shading Mode"},"sceneLighting":false,"audioPlay":false,"sceneViewState":{"showFog":false,"showMaterialUpdate":false,"showSkybox":false,"showFlares":false,"showImageEffects":false,"showParticleSystems":false},"in2DMode":false,"pivot":{"x":-0.0597691535949707,"y":0.007493108510971069,"z":0.0408015251159668},"rotation":{"x":0.02893269620835781,"y":-0.06636833399534226,"z":0.002258813241496682,"w":0.9975233674049377},"size":1.5352407693862916,"orthographic":true}