{"cameraMode":{"drawMode":0,"name":"Shaded","section":"Shading Mode"},"sceneLighting":false,"audioPlay":false,"sceneViewState":{"showFog":false,"showMaterialUpdate":false,"showSkybox":false,"showFlares":false,"showImageEffects":false,"showParticleSystems":false},"in2DMode":false,"pivot":{"x":3.7603659629821779,"y":0.12505951523780824,"z":-9.595528602600098},"rotation":{"x":-0.10450470447540283,"y":0.33489322662353518,"z":-0.03768463060259819,"w":-0.9358471632003784},"size":0.3363568186759949,"orthographic":true}