{"cameraMode":{"drawMode":0,"name":"Shaded","section":"Shading Mode"},"sceneLighting":false,"audioPlay":false,"sceneViewState":{"showFog":false,"showMaterialUpdate":false,"showSkybox":false,"showFlares":false,"showImageEffects":false,"showParticleSystems":false},"in2DMode":false,"pivot":{"x":-7.632797718048096,"y":0.22433221340179444,"z":-9.477184295654297},"rotation":{"x":0.0723097026348114,"y":0.5829378962516785,"z":-0.05174180120229721,"w":0.8078227043151856},"size":0.544074296951294,"orthographic":true}