{"cameraMode":{"drawMode":0,"name":"Shaded","section":"Shading Mode"},"sceneLighting":false,"audioPlay":false,"sceneViewState":{"showFog":false,"showMaterialUpdate":false,"showSkybox":false,"showFlares":false,"showImageEffects":false,"showParticleSystems":false},"in2DMode":false,"pivot":{"x":-25.144155502319337,"y":0.19494083523750306,"z":-9.536518096923829},"rotation":{"x":0.0030958366114646198,"y":-0.811682939529419,"z":0.004748768638819456,"w":0.5843214988708496},"size":0.5890410542488098,"orthographic":true}