{"cameraMode":{"drawMode":0,"name":"Shaded","section":"Shading Mode"},"sceneLighting":false,"audioPlay":false,"sceneViewState":{"showFog":false,"showMaterialUpdate":false,"showSkybox":false,"showFlares":false,"showImageEffects":false,"showParticleSystems":false},"in2DMode":false,"pivot":{"x":0.02302306517958641,"y":-0.03061356581747532,"z":0.19774475693702699},"rotation":{"x":-0.01184205710887909,"y":0.9573895931243897,"z":-0.0406075157225132,"w":-0.28620195388793948},"size":0.022386988624930383,"orthographic":true}