{"cameraMode":{"drawMode":0,"name":"Shaded","section":"Shading Mode"},"sceneLighting":true,"audioPlay":false,"sceneViewState":{"showFog":false,"showMaterialUpdate":false,"showSkybox":false,"showFlares":false,"showImageEffects":false,"showParticleSystems":false},"in2DMode":false,"pivot":{"x":1.6505659818649293,"y":1.9238109588623047,"z":-2.123289108276367},"rotation":{"x":-0.06647587567567826,"y":-0.010925853624939919,"z":0.0007444837829098105,"w":-0.9978899359703064},"size":0.6638398766517639,"orthographic":true}