{"cameraMode":{"drawMode":0,"name":"Shaded","section":"Shading Mode"},"sceneLighting":false,"audioPlay":false,"sceneViewState":{"showFog":true,"showMaterialUpdate":false,"showSkybox":false,"showFlares":true,"showImageEffects":true,"showParticleSystems":true},"in2DMode":false,"pivot":{"x":0.02252030372619629,"y":-0.032732877880334857,"z":0.1972661018371582},"rotation":{"x":-0.13543595373630525,"y":-0.6408724188804627,"z":0.1162629947066307,"w":-0.7466198205947876},"size":0.03468000888824463,"orthographic":false}