{"cameraMode":{"drawMode":0,"name":"Shaded","section":"Shading Mode"},"sceneLighting":true,"audioPlay":false,"sceneViewState":{"showFog":true,"showMaterialUpdate":false,"showSkybox":true,"showFlares":true,"showImageEffects":true,"showParticleSystems":true},"in2DMode":false,"pivot":{"x":0.172590434551239,"y":0.9182664155960083,"z":-2.5994462966918947},"rotation":{"x":-0.18250726163387299,"y":-0.3308374285697937,"z":0.06537691503763199,"w":-0.9235751032829285},"size":1.2539560794830323,"orthographic":false}