{"cameraMode":{"drawMode":0,"name":"Shaded","section":"Shading Mode"},"sceneLighting":false,"audioPlay":false,"sceneViewState":{"showFog":true,"showMaterialUpdate":false,"showSkybox":false,"showFlares":true,"showImageEffects":true,"showParticleSystems":true},"in2DMode":false,"pivot":{"x":-0.011978809721767903,"y":-0.032732877880334857,"z":0.12473663687705994},"rotation":{"x":0.061299800872802737,"y":-0.9272496700286865,"z":0.1745772808790207,"w":0.3255808651447296},"size":0.020807987079024316,"orthographic":false}