{"cameraMode":{"drawMode":0,"name":"Shaded","section":"Shading Mode"},"sceneLighting":false,"audioPlay":false,"sceneViewState":{"showFog":true,"showMaterialUpdate":false,"showSkybox":false,"showFlares":true,"showImageEffects":true,"showParticleSystems":true},"in2DMode":false,"pivot":{"x":0.783818244934082,"y":1.8392901420593262,"z":-1.9770464897155762},"rotation":{"x":-0.2859250605106354,"y":-0.224840447306633,"z":0.06920542567968369,"w":-0.9289342761039734},"size":2.2413482666015627,"orthographic":false}