{"cameraMode":{"drawMode":0,"name":"Shaded","section":"Shading Mode"},"sceneLighting":false,"audioPlay":false,"sceneViewState":{"showFog":true,"showMaterialUpdate":false,"showSkybox":false,"showFlares":true,"showImageEffects":true,"showParticleSystems":true},"in2DMode":false,"pivot":{"x":0.02252030372619629,"y":-0.032732877880334857,"z":0.1972661018371582},"rotation":{"x":0.05042855814099312,"y":-0.9323152899742127,"z":0.14324882626533509,"w":0.328260213136673},"size":0.03468000888824463,"orthographic":false}