{"cameraMode":{"drawMode":0,"name":"Shaded","section":"Shading Mode"},"sceneLighting":false,"audioPlay":false,"sceneViewState":{"showFog":true,"showMaterialUpdate":false,"showSkybox":false,"showFlares":true,"showImageEffects":true,"showParticleSystems":true},"in2DMode":false,"pivot":{"x":0.783818244934082,"y":1.8392901420593262,"z":-1.9770464897155762},"rotation":{"x":-0.437055766582489,"y":-0.22163395583629609,"z":0.11205213516950607,"w":-0.8644751310348511},"size":1.34134840965271,"orthographic":false}