{"cameraMode":{"drawMode":0,"name":"Shaded","section":"Shading Mode"},"sceneLighting":false,"audioPlay":false,"sceneViewState":{"showFog":true,"showMaterialUpdate":false,"showSkybox":false,"showFlares":true,"showImageEffects":true,"showParticleSystems":true},"in2DMode":false,"pivot":{"x":0.4699999988079071,"y":1.7200000286102296,"z":-2.2200000286102297},"rotation":{"x":-0.15803949534893037,"y":0.06908655911684036,"z":-0.011086082085967064,"w":-0.9849631190299988},"size":10.0,"orthographic":false}